"Data","Último","Abertura","Máxima","Mínima","Vol.","Var%"
"03.06.2025","4,95","4,89","4,99","4,85","8,45M","0,81%"
"02.06.2025","4,91","5,06","5,06","4,89","11,48M","-2,77%"
"30.05.2025","5,05","5,13","5,13","4,99","9,30M","-1,56%"
"29.05.2025","5,13","5,15","5,21","5,12","5,65M","0,20%"
"28.05.2025","5,12","5,18","5,18","5,07","8,28M","-1,54%"
"27.05.2025","5,20","5,38","5,43","5,20","19,54M","-5,80%"
"26.05.2025","5,52","5,43","5,52","5,41","2,45M","0,73%"
"23.05.2025","5,48","5,46","5,48","5,40","5,96M","-0,18%"
"22.05.2025","5,49","5,46","5,58","5,45","8,72M","0,00%"
"21.05.2025","5,49","5,60","5,60","5,46","5,40M","-2,31%"
"20.05.2025","5,62","5,59","5,67","5,54","6,74M","0,00%"
"19.05.2025","5,62","5,68","5,71","5,59","5,37M","-1,06%"
"16.05.2025","5,68","5,60","5,73","5,54","6,10M","0,35%"
"15.05.2025","5,66","5,65","5,73","5,60","5,84M","0,53%"
"14.05.2025","5,63","5,80","5,83","5,62","8,04M","-5,22%"
"13.05.2025","5,94","5,90","5,97","5,77","10,70M","4,90%"
"12.05.2025","5,66","5,81","5,86","5,57","11,08M","0,85%"
"09.05.2025","5,61","5,90","5,92","5,45","15,40M","-4,72%"
"08.05.2025","5,89","5,96","6,00","5,83","6,10M","0,00%"
"07.05.2025","5,89","5,98","5,99","5,87","6,24M","-4,18%"
"06.05.2025","6,15","6,07","6,27","6,05","5,16M","1,32%"
"05.05.2025","6,07","6,08","6,20","5,97","4,65M","-0,16%"
"02.05.2025","6,08","6,15","6,17","6,02","6,52M","-0,98%"
"30.04.2025","6,14","6,10","6,19","6,06","6,56M","-0,49%"
"29.04.2025","6,17","6,17","6,20","6,10","5,57M","0,16%"
"28.04.2025","6,16","6,20","6,20","6,04","4,67M","-0,32%"
"25.04.2025","6,18","6,28","6,33","6,13","5,92M","-2,52%"
"24.04.2025","6,34","6,12","6,39","6,11","8,06M","4,45%"
"23.04.2025","6,07","5,90","6,15","5,87","10,29M","5,75%"
"22.04.2025","5,74","5,65","5,75","5,47","11,42M","1,59%"
"17.04.2025","5,65","5,70","5,73","5,62","6,82M","-1,22%"
"16.04.2025","5,72","5,91","5,92","5,68","9,74M","-3,87%"
"15.04.2025","5,95","6,05","6,12","5,85","5,33M","-2,14%"
"14.04.2025","6,08","5,87","6,12","5,87","6,81M","4,65%"
"11.04.2025","5,81","5,71","5,89","5,69","5,39M","1,93%"
"10.04.2025","5,70","5,76","5,76","5,57","7,74M","-0,70%"
"09.04.2025","5,74","5,38","5,84","5,38","13,19M","5,71%"
"08.04.2025","5,43","5,73","5,78","5,38","8,71M","-4,23%"
"07.04.2025","5,67","5,50","5,80","5,44","8,65M","0,35%"
"04.04.2025","5,65","5,65","5,67","5,52","8,45M","-3,25%"
"03.04.2025","5,84","5,87","5,94","5,81","6,89M","-2,01%"
"02.04.2025","5,96","6,11","6,12","5,88","8,33M","-2,45%"
"01.04.2025","6,11","6,20","6,26","6,03","7,03M","-1,29%"
"31.03.2025","6,19","6,20","6,26","6,15","7,29M","-1,75%"
"28.03.2025","6,30","6,25","6,30","6,15","5,19M","-0,16%"
"27.03.2025","6,31","6,39","6,40","6,26","5,34M","-1,41%"
"26.03.2025","6,40","6,35","6,40","6,28","5,11M","1,11%"
"25.03.2025","6,33","6,40","6,40","6,30","5,06M","-0,78%"
"24.03.2025","6,38","6,37","6,43","6,34","6,52M","0,00%"
"21.03.2025","6,38","6,47","6,51","6,24","14,50M","-0,47%"
"20.03.2025","6,41","6,34","6,47","6,30","6,54M","0,16%"
"19.03.2025","6,40","6,17","6,44","6,17","8,13M","2,40%"
"18.03.2025","6,25","6,27","6,29","6,10","6,46M","-0,64%"
"17.03.2025","6,29","6,15","6,29","6,11","7,34M","2,28%"
"14.03.2025","6,15","5,81","6,19","5,78","11,45M","6,77%"
"13.03.2025","5,76","5,61","5,93","5,58","24,64M","9,09%"
"12.03.2025","5,28","5,23","5,28","5,16","6,40M","0,19%"
"11.03.2025","5,27","5,46","5,47","5,18","7,17M","-3,13%"
"10.03.2025","5,44","5,45","5,53","5,33","7,85M","-0,91%"
"07.03.2025","5,49","5,39","5,55","5,27","6,85M","0,18%"
"06.03.2025","5,48","5,30","5,56","5,30","10,22M","3,59%"
"05.03.2025","5,29","5,16","5,32","5,10","6,70M","3,73%"
"28.02.2025","5,10","5,30","5,30","5,09","6,36M","-4,14%"
"27.02.2025","5,32","5,33","5,40","5,29","4,76M","-0,75%"
"26.02.2025","5,36","5,36","5,43","5,32","4,63M","0,19%"
"25.02.2025","5,35","5,28","5,38","5,25","5,16M","1,33%"
"24.02.2025","5,28","5,38","5,43","5,26","3,16M","-1,86%"
"21.02.2025","5,38","5,39","5,42","5,29","4,54M","0,37%"
"20.02.2025","5,36","5,44","5,52","5,35","5,86M","-0,19%"
"19.02.2025","5,37","5,33","5,46","5,31","3,27M","-0,56%"
"18.02.2025","5,40","5,55","5,58","5,39","4,60M","-2,17%"
"17.02.2025","5,52","5,47","5,63","5,47","6,40M","0,73%"
"14.02.2025","5,48","5,24","5,50","5,21","10,63M","6,00%"
"13.02.2025","5,17","5,00","5,17","4,97","6,08M","3,19%"
"12.02.2025","5,01","5,28","5,29","5,00","13,15M","-5,83%"
"11.02.2025","5,32","5,31","5,37","5,24","6,70M","-1,48%"
"10.02.2025","5,40","5,34","5,41","5,33","4,29M","1,12%"
"07.02.2025","5,34","5,46","5,58","5,31","6,37M","-2,20%"
"06.02.2025","5,46","5,29","5,49","5,29","5,96M","4,00%"
"05.02.2025","5,25","5,25","5,30","5,21","3,92M","-0,38%"
"04.02.2025","5,27","5,34","5,36","5,23","4,26M","-1,31%"
"03.02.2025","5,34","5,40","5,51","5,32","4,98M","-2,20%"
"31.01.2025","5,46","5,55","5,62","5,40","6,69M","-1,80%"
"30.01.2025","5,56","5,24","5,65","5,24","9,41M","6,51%"
"29.01.2025","5,22","5,28","5,31","5,22","4,67M","-0,76%"
"28.01.2025","5,26","5,31","5,33","5,25","3,54M","-1,87%"
"27.01.2025","5,36","5,14","5,36","5,12","5,64M","4,08%"
"24.01.2025","5,15","5,25","5,29","5,14","4,37M","-1,34%"
"23.01.2025","5,22","5,19","5,23","5,16","4,77M","0,58%"
"22.01.2025","5,19","5,25","5,32","5,13","7,98M","-1,33%"
"21.01.2025","5,26","5,13","5,26","5,09","6,17M","1,74%"
"20.01.2025","5,17","5,10","5,17","5,02","6,99M","0,98%"
"17.01.2025","5,12","4,92","5,15","4,92","10,98M","5,13%"
"16.01.2025","4,87","5,05","5,10","4,83","6,75M","-3,94%"
"15.01.2025","5,07","4,85","5,08","4,85","7,51M","4,75%"
"14.01.2025","4,84","4,98","5,02","4,84","7,54M","-2,22%"
"13.01.2025","4,95","4,93","5,05","4,87","10,04M","2,06%"
"10.01.2025","4,85","4,74","4,88","4,66","9,59M","2,97%"
"09.01.2025","4,71","4,65","4,72","4,63","5,59M","1,51%"
"08.01.2025","4,64","4,79","4,82","4,60","8,86M","-2,93%"
"07.01.2025","4,78","5,05","5,09","4,74","12,44M","-3,84%"
"06.01.2025","4,97","4,91","4,98","4,86","10,35M","2,66%"
"03.01.2025","4,84","4,99","5,02","4,84","25,30M","-3,17%"
"02.01.2025","5,00","5,16","5,16","4,96","10,66M","-2,14%"
"30.12.2024","5,11","4,99","5,19","4,99","6,74M","2,79%"
"27.12.2024","4,97","5,11","5,18","4,97","8,60M","-3,28%"
"26.12.2024","5,14","5,16","5,23","5,08","5,84M","0,19%"
"23.12.2024","5,13","5,13","5,19","5,06","5,89M","0,00%"
"20.12.2024","5,13","5,19","5,24","5,11","8,27M","-1,52%"
"19.12.2024","5,21","5,32","5,42","5,13","9,47M","-1,87%"
"18.12.2024","5,31","5,62","5,69","5,24","12,37M","-7,12%"
"17.12.2024","5,72","5,59","5,76","5,56","9,61M","2,67%"
"16.12.2024","5,57","5,51","5,69","5,46","7,00M","1,81%"
"13.12.2024","5,47","5,53","5,57","5,46","5,57M","-1,61%"
"12.12.2024","5,56","5,65","5,72","5,51","8,30M","-2,10%"
"11.12.2024","5,68","5,65","5,78","5,58","9,54M","0,00%"
"10.12.2024","5,68","5,57","5,71","5,54","8,19M","2,33%"
"09.12.2024","5,55","5,37","5,57","5,33","12,26M","6,68%"
"06.12.2024","5,20","5,24","5,25","5,17","4,83M","-1,13%"
"05.12.2024","5,26","5,17","5,30","5,15","5,53M","1,73%"
"04.12.2024","5,17","5,14","5,22","5,14","6,53M","0,58%"
"03.12.2024","5,14","5,24","5,25","5,13","7,16M","-1,33%"
"02.12.2024","5,21","5,21","5,23","5,12","7,27M","-0,57%"
"29.11.2024","5,24","5,06","5,26","5,06","8,43M","2,92%"
"28.11.2024","5,09","5,16","5,27","5,06","8,34M","-1,35%"
"27.11.2024","5,16","5,17","5,21","5,10","14,44M","0,58%"
"26.11.2024","5,13","5,19","5,22","5,07","6,71M","-0,96%"
"25.11.2024","5,18","5,15","5,20","5,13","5,01M","0,58%"
"22.11.2024","5,15","5,09","5,15","5,06","5,50M","1,57%"
"21.11.2024","5,07","5,17","5,18","5,06","6,19M","-2,29%"
"19.11.2024","5,19","5,27","5,28","5,18","6,86M","-0,95%"
"18.11.2024","5,24","5,31","5,33","5,19","8,25M","0,00%"
"14.11.2024","5,24","5,16","5,38","5,16","9,44M","0,96%"
"13.11.2024","5,19","5,41","5,55","5,17","15,30M","-5,77%"
"12.11.2024","5,51","5,74","5,74","5,50","10,13M","-3,81%"
"11.11.2024","5,73","5,76","5,76","5,66","9,27M","-1,37%"
"08.11.2024","5,80","6,00","6,02","5,79","13,06M","-5,49%"
"07.11.2024","6,14","6,17","6,25","6,10","9,99M","0,32%"
"06.11.2024","6,12","6,02","6,17","5,91","11,37M","-0,64%"
"05.11.2024","6,16","6,27","6,29","6,16","4,36M","-1,43%"
"04.11.2024","6,25","6,23","6,31","6,09","9,17M","1,94%"
"01.11.2024","6,13","6,20","6,22","5,99","11,13M","-0,48%"
"31.10.2024","6,16","6,00","6,17","5,98","7,67M","2,31%"
"30.10.2024","6,02","5,96","6,06","5,96","5,87M","1,00%"
"29.10.2024","5,96","6,00","6,05","5,92","7,25M","-0,83%"
"28.10.2024","6,01","6,00","6,05","5,94","5,74M","1,85%"
"25.10.2024","5,90","5,81","5,93","5,81","6,91M","1,88%"
"24.10.2024","5,79","5,80","5,83","5,74","4,70M","-0,17%"
"23.10.2024","5,80","5,83","5,87","5,80","4,46M","-1,85%"
"22.10.2024","5,91","5,88","5,92","5,83","4,97M","-0,67%"
"21.10.2024","5,95","5,91","5,99","5,88","6,03M","1,18%"
"18.10.2024","5,88","5,95","6,03","5,84","6,83M","-0,17%"
"17.10.2024","5,89","5,80","5,92","5,74","8,68M","0,51%"
"16.10.2024","5,86","5,95","6,06","5,86","9,44M","-0,67%"
"15.10.2024","5,90","5,92","5,94","5,85","4,32M","-0,50%"
"14.10.2024","5,93","5,89","5,93","5,81","5,29M","0,67%"
"11.10.2024","5,89","5,81","5,89","5,76","5,59M","1,02%"
"10.10.2024","5,83","5,90","5,94","5,80","5,50M","-0,34%"
"09.10.2024","5,85","5,95","5,96","5,84","9,07M","-2,48%"
"08.10.2024","6,00","6,05","6,06","5,94","11,34M","-3,66%"
"07.10.2024","6,23","6,32","6,35","6,19","8,67M","-0,95%"
"04.10.2024","6,29","6,54","6,54","6,26","11,83M","-4,63%"
"03.10.2024","6,60","6,72","6,77","6,54","13,30M","-1,91%"
"02.10.2024","6,72","6,60","6,78","6,60","13,31M","3,09%"
"01.10.2024","6,52","6,44","6,62","6,37","14,70M","3,19%"
"30.09.2024","6,32","6,55","6,58","6,23","9,93M","-0,14%"
"27.09.2024","6,33","6,64","6,68","6,33","11,51M","-4,03%"
"26.09.2024","6,60","6,34","6,60","6,30","24,17M","6,67%"
"25.09.2024","6,18","6,08","6,28","6,08","14,38M","2,43%"
"24.09.2024","6,04","6,03","6,17","5,97","15,46M","4,11%"
"23.09.2024","5,80","5,73","5,95","5,51","11,17M","-0,16%"
"20.09.2024","5,81","5,86","5,88","5,72","11,40M","-1,09%"
"19.09.2024","5,87","5,88","6,06","5,85","17,06M","1,26%"
"18.09.2024","5,80","6,17","6,23","5,80","16,24M","-8,26%"
"17.09.2024","6,32","6,41","6,66","6,25","20,60M","-2,82%"
"16.09.2024","6,50","6,09","6,50","5,99","14,60M","6,93%"
"13.09.2024","6,08","5,79","6,08","5,77","20,51M","5,23%"
"12.09.2024","5,78","5,68","5,84","5,65","23,17M","3,27%"
"11.09.2024","5,60","5,46","5,64","5,46","17,72M","2,86%"
"10.09.2024","5,44","5,41","5,50","5,34","14,58M","0,51%"
"09.09.2024","5,41","5,62","5,64","5,38","20,30M","-4,37%"
"06.09.2024","5,66","5,46","5,69","5,40","23,01M","4,22%"
"05.09.2024","5,43","5,20","5,46","5,15","16,13M","3,31%"
"04.09.2024","5,26","5,15","5,31","5,13","11,70M","2,68%"
"03.09.2024","5,12","5,19","5,20","5,10","10,61M","-2,10%"
"02.09.2024","5,23","5,10","5,26","5,08","9,09M","0,53%"
"30.08.2024","5,20","5,13","5,34","5,13","16,38M","0,53%"
"29.08.2024","5,18","5,08","5,19","5,08","12,58M","1,62%"
"28.08.2024","5,09","5,19","5,20","5,01","16,04M","-2,28%"
"27.08.2024","5,21","5,18","5,30","5,12","12,44M","2,15%"
"26.08.2024","5,10","5,16","5,26","5,09","16,81M","0,36%"
"23.08.2024","5,08","4,95","5,14","4,91","8,14M","2,78%"
"22.08.2024","4,95","5,04","5,05","4,93","8,64M","-1,10%"
"21.08.2024","5,00","4,97","5,08","4,87","17,25M","3,80%"
"20.08.2024","4,82","4,83","4,89","4,75","10,21M","-0,19%"
"19.08.2024","4,83","4,64","4,86","4,64","13,71M","4,98%"
"16.08.2024","4,60","4,69","4,70","4,60","9,00M","-1,95%"
"15.08.2024","4,69","4,57","4,73","4,53","13,45M","2,40%"
"14.08.2024","4,58","4,75","4,76","4,58","16,45M","-4,58%"
"13.08.2024","4,80","4,71","4,92","4,68","22,53M","6,29%"
"12.08.2024","4,52","4,52","4,56","4,50","7,32M","0,41%"
"09.08.2024","4,50","4,42","4,50","4,41","4,72M","1,87%"
"08.08.2024","4,42","4,40","4,45","4,39","5,90M","0,00%"
"07.08.2024","4,42","4,47","4,51","4,42","6,44M","-0,41%"
"06.08.2024","4,43","4,45","4,49","4,38","5,75M","-0,21%"
"05.08.2024","4,44","4,39","4,47","4,33","8,37M","-0,21%"
"02.08.2024","4,45","4,56","4,63","4,45","9,58M","-2,02%"
"01.08.2024","4,54","4,71","4,77","4,53","11,25M","-3,12%"
"31.07.2024","4,69","4,57","4,74","4,54","11,83M","3,02%"
"30.07.2024","4,55","4,55","4,58","4,50","5,27M","-1,00%"
"29.07.2024","4,60","4,59","4,62","4,55","4,75M","0,40%"
"26.07.2024","4,58","4,64","4,65","4,58","7,48M","-0,40%"
"25.07.2024","4,60","4,56","4,65","4,52","6,42M","0,00%"
"24.07.2024","4,60","4,53","4,64","4,51","7,71M","1,41%"
"23.07.2024","4,53","4,71","4,72","4,51","14,69M","-4,99%"
"22.07.2024","4,77","4,69","4,77","4,68","6,77M","1,76%"
"19.07.2024","4,69","4,81","4,81","4,67","9,53M","-1,73%"
"18.07.2024","4,77","4,94","4,95","4,76","6,21M","-3,34%"
"17.07.2024","4,94","4,97","4,99","4,93","4,48M","-0,55%"
"16.07.2024","4,97","5,06","5,07","4,94","7,63M","-2,17%"
"15.07.2024","5,08","5,02","5,08","4,96","5,78M","1,09%"
"12.07.2024","5,02","4,90","5,04","4,87","6,47M","2,62%"
"11.07.2024","4,89","4,85","4,91","4,81","6,52M","1,14%"
"10.07.2024","4,84","4,85","4,90","4,77","8,39M","0,19%"
"09.07.2024","4,83","4,84","4,85","4,79","5,32M","-0,19%"
"08.07.2024","4,84","4,93","4,94","4,77","9,71M","-2,76%"
"05.07.2024","4,97","4,94","5,01","4,91","6,46M","0,00%"
"04.07.2024","4,97","5,10","5,12","4,97","6,49M","-1,99%"
"03.07.2024","5,08","5,03","5,17","5,03","14,73M","2,21%"
"02.07.2024","4,97","5,01","5,06","4,87","13,31M","-0,55%"
"01.07.2024","4,99","4,85","5,04","4,82","15,90M","5,01%"
"28.06.2024","4,75","4,72","4,78","4,71","10,66M","0,78%"
"27.06.2024","4,72","4,75","4,77","4,67","10,17M","-0,39%"
"26.06.2024","4,74","4,72","4,74","4,64","12,59M","1,57%"
"25.06.2024","4,66","4,75","4,75","4,64","6,98M","-1,74%"
"24.06.2024","4,75","4,71","4,75","4,62","9,29M","-0,19%"
"21.06.2024","4,75","4,68","4,76","4,65","16,48M","0,78%"
"20.06.2024","4,72","4,67","4,80","4,64","10,76M","1,58%"
"19.06.2024","4,64","4,61","4,67","4,50","7,84M","0,40%"
"18.06.2024","4,63","4,45","4,65","4,44","9,46M","3,91%"
"17.06.2024","4,45","4,42","4,49","4,40","4,19M","-0,41%"
"14.06.2024","4,47","4,58","4,58","4,45","4,75M","-2,20%"
"13.06.2024","4,57","4,44","4,57","4,41","5,88M","3,31%"
"12.06.2024","4,42","4,57","4,61","4,40","7,60M","-2,42%"
"11.06.2024","4,53","4,40","4,53","4,34","14,92M","1,23%"
"10.06.2024","4,48","4,47","4,55","4,39","8,06M","0,41%"
"07.06.2024","4,46","4,44","4,51","4,41","12,51M","-0,61%"
"06.06.2024","4,49","4,31","4,52","4,27","11,34M","4,93%"
"05.06.2024","4,28","4,29","4,32","4,22","14,68M","-0,64%"
"04.06.2024","4,31","4,37","4,42","4,30","12,99M","-2,69%"
"03.06.2024","4,42","4,51","4,53","4,36","15,16M","-2,23%"
"31.05.2024","4,53","4,62","4,64","4,51","11,12M","-2,56%"
"29.05.2024","4,64","4,67","4,69","4,56","14,03M","-1,17%"
"28.05.2024","4,70","4,92","4,94","4,68","9,29M","-3,93%"
"27.05.2024","4,89","4,84","4,89","4,78","2,92M","-7,70%"
"25.05.2024","5,30","5,30","5,30","5,30","","9,36%"
"24.05.2024","4,85","4,84","4,91","4,81","4,52M","0,00%"
"23.05.2024","4,85","4,95","4,97","4,79","7,60M","-2,40%"
"22.05.2024","4,97","5,08","5,10","4,95","8,78M","-1,63%"
"21.05.2024","5,05","4,96","5,11","4,96","10,77M","2,42%"
"20.05.2024","4,93","4,82","4,99","4,77","11,02M","2,48%"
"17.05.2024","4,81","4,81","4,87","4,79","9,70M","1,16%"
"16.05.2024","4,75","4,77","4,83","4,70","11,51M","0,58%"
"15.05.2024","4,73","4,74","4,75","4,58","12,19M","-0,25%"
"14.05.2024","4,74","4,89","4,92","4,67","22,39M","-2,55%"
"13.05.2024","4,86","4,55","4,89","4,55","23,09M","8,48%"
"10.05.2024","4,48","4,62","4,68","4,43","15,66M","-0,20%"
"09.05.2024","4,49","4,50","4,53","4,45","9,35M","-0,78%"
"08.05.2024","4,53","4,49","4,54","4,45","8,56M","-0,19%"
"07.05.2024","4,54","4,55","4,62","4,49","9,32M","0,39%"
"06.05.2024","4,52","4,59","4,68","4,52","7,25M","-1,35%"
"03.05.2024","4,58","4,58","4,62","4,52","8,00M","1,17%"
"02.05.2024","4,53","4,41","4,57","4,41","9,64M","3,64%"
"30.04.2024","4,37","4,42","4,44","4,33","9,08M","-1,20%"
"29.04.2024","4,42","4,39","4,46","4,36","7,94M","0,40%"
"26.04.2024","4,40","4,42","4,45","4,38","5,12M","0,61%"
"25.04.2024","4,38","4,47","4,47","4,38","7,40M","-1,98%"
"24.04.2024","4,47","4,52","4,52","4,46","8,91M","0,00%"
"23.04.2024","4,47","4,51","4,55","4,44","9,01M","-2,88%"
"22.04.2024","4,60","4,67","4,67","4,56","9,41M","-1,89%"
"19.04.2024","4,69","4,61","4,69","4,59","10,24M","0,95%"
"18.04.2024","4,64","4,65","4,68","4,56","16,12M","0,96%"
"17.04.2024","4,60","4,49","4,62","4,47","16,91M","5,48%"
"16.04.2024","4,36","4,39","4,39","4,33","10,88M","-2,57%"
"15.04.2024","4,47","4,50","4,54","4,41","10,28M","-0,20%"
"12.04.2024","4,48","4,54","4,59","4,45","8,91M","-0,20%"
"11.04.2024","4,49","4,53","4,56","4,48","8,11M","-0,39%"
"10.04.2024","4,51","4,77","4,77","4,51","20,30M","-6,08%"
"09.04.2024","4,80","4,82","4,85","4,66","14,87M","1,69%"
"08.04.2024","4,72","4,60","4,76","4,57","12,26M","4,71%"
"05.04.2024","4,51","4,62","4,62","4,50","9,94M","-2,30%"
"04.04.2024","4,62","4,59","4,70","4,58","8,28M","0,38%"
"03.04.2024","4,60","4,62","4,65","4,54","8,12M","-1,52%"
"02.04.2024","4,67","4,71","4,76","4,57","9,95M","-0,56%"
"01.04.2024","4,69","4,73","4,79","4,69","9,82M","0,19%"
"28.03.2024","4,69","4,69","4,79","4,61","14,16M","-0,19%"
"27.03.2024","4,69","4,63","4,71","4,57","8,57M","1,14%"
"26.03.2024","4,64","4,72","4,72","4,63","6,49M","-2,23%"
"25.03.2024","4,75","4,85","4,89","4,72","7,65M","-13,20%"
"23.03.2024","5,47","5,47","5,47","5,47","","12,89%"
"22.03.2024","4,85","4,99","5,00","4,85","7,44M","-2,84%"
"21.03.2024","4,99","5,04","5,11","4,99","7,93M","0,00%"
"20.03.2024","4,99","5,05","5,08","4,98","7,23M","-0,70%"
"19.03.2024","5,02","5,03","5,12","5,02","8,59M","1,61%"
"18.03.2024","4,94","4,88","5,04","4,87","9,92M","2,76%"
"15.03.2024","4,81","4,98","5,00","4,81","23,91M","-4,06%"
"14.03.2024","5,01","5,13","5,15","4,98","5,29M","-2,58%"
"13.03.2024","5,15","5,15","5,23","5,14","6,99M","-0,85%"
"12.03.2024","5,19","5,15","5,24","5,14","6,29M","1,56%"
"11.03.2024","5,11","5,19","5,19","5,05","6,87M","-2,86%"
"08.03.2024","5,26","5,31","5,36","5,23","5,26M","-1,65%"
"07.03.2024","5,35","5,45","5,61","5,31","16,52M","1,34%"
"06.03.2024","5,28","5,36","5,41","5,25","6,96M","-0,50%"
"05.03.2024","5,31","5,37","5,38","5,30","5,54M","-1,32%"
"04.03.2024","5,38","5,32","5,43","5,31","5,49M","1,00%"
"01.03.2024","5,32","5,37","5,38","5,30","4,17M","-0,82%"
"29.02.2024","5,37","5,41","5,46","5,34","5,31M","-0,98%"
"28.02.2024","5,42","5,53","5,56","5,41","3,92M","-2,54%"
"27.02.2024","5,56","5,51","5,62","5,51","4,86M","1,78%"
"26.02.2024","5,46","5,42","5,48","5,36","7,28M","0,49%"
"23.02.2024","5,44","5,53","5,57","5,44","4,29M","-1,13%"
"22.02.2024","5,50","5,57","5,64","5,48","4,97M","-0,96%"
"21.02.2024","5,55","5,44","5,56","5,39","7,87M","1,62%"
"20.02.2024","5,46","5,54","5,55","5,38","11,79M","-2,37%"
"19.02.2024","5,60","5,75","5,75","5,60","3,55M","-2,76%"
"16.02.2024","5,76","5,70","5,90","5,67","6,08M","1,72%"
"15.02.2024","5,66","5,55","5,75","5,55","6,54M","2,07%"
"14.02.2024","5,54","5,73","5,73","5,53","5,15M","-3,09%"
"09.02.2024","5,72","5,83","5,91","5,72","3,25M","-1,82%"
"08.02.2024","5,83","5,82","5,97","5,78","5,76M","0,76%"
"07.02.2024","5,78","5,77","5,89","5,72","13,95M","0,15%"
"06.02.2024","5,77","5,71","5,89","5,71","7,92M","1,08%"
"05.02.2024","5,71","5,84","5,84","5,62","7,00M","-2,56%"
"02.02.2024","5,86","5,99","6,05","5,86","5,67M","-2,79%"
"01.02.2024","6,03","5,99","6,06","5,92","4,75M","0,29%"
"31.01.2024","6,01","6,07","6,22","6,01","6,46M","-1,45%"
"30.01.2024","6,10","6,03","6,13","5,91","7,72M","1,02%"
"29.01.2024","6,04","6,04","6,07","5,92","5,95M","0,15%"
"26.01.2024","6,03","5,89","6,07","5,89","4,82M","2,40%"
"25.01.2024","5,89","5,98","6,03","5,79","5,86M","-1,04%"
"24.01.2024","5,95","5,89","6,07","5,89","7,33M","2,44%"
"23.01.2024","5,81","5,78","5,91","5,78","6,28M","1,23%"
"22.01.2024","5,74","5,86","5,88","5,71","7,36M","-2,55%"
"19.01.2024","5,89","5,96","5,97","5,84","4,20M","-0,30%"
"18.01.2024","5,91","5,96","5,98","5,87","4,17M","0,00%"
"17.01.2024","5,91","5,99","6,00","5,88","6,30M","-1,91%"
"16.01.2024","6,02","6,10","6,12","5,99","8,42M","-1,87%"
"15.01.2024","6,14","6,19","6,21","6,02","9,60M","-3,21%"
"12.01.2024","6,34","6,33","6,38","6,18","11,81M","-0,55%"
"11.01.2024","6,37","6,50","6,52","6,27","8,97M","-2,17%"
"10.01.2024","6,52","6,57","6,57","6,31","12,21M","-2,12%"
"09.01.2024","6,66","6,80","6,83","6,61","5,70M","-2,84%"
"08.01.2024","6,85","6,89","6,97","6,78","6,87M","-1,40%"
"05.01.2024","6,95","6,90","6,99","6,81","5,36M","0,00%"
"04.01.2024","6,95","7,05","7,05","6,74","9,88M","-1,63%"
"03.01.2024","7,06","6,97","7,12","6,90","6,50M","1,27%"
"02.01.2024","6,98","6,90","7,04","6,85","7,86M","1,80%"
"28.12.2023","6,85","6,83","6,96","6,75","5,80M","0,00%"
"27.12.2023","6,85","6,68","6,97","6,67","8,05M","2,62%"
"26.12.2023","6,68","6,52","6,74","6,50","6,30M","2,83%"
"22.12.2023","6,49","6,49","6,61","6,36","5,26M","0,00%"
"21.12.2023","6,49","6,42","6,51","6,36","4,45M","2,34%"
"20.12.2023","6,35","6,49","6,54","6,30","6,49M","-2,03%"
"19.12.2023","6,48","6,28","6,49","6,28","5,70M","3,21%"
"18.12.2023","6,28","6,27","6,35","6,24","4,61M","0,14%"
"15.12.2023","6,27","6,25","6,35","6,18","6,31M","0,14%"
"14.12.2023","6,26","6,40","6,45","6,21","8,17M","-2,05%"
"13.12.2023","6,39","6,18","6,39","6,15","11,45M","2,96%"
"12.12.2023","6,21","6,17","6,21","6,14","3,43M","1,00%"
"11.12.2023","6,14","6,02","6,20","5,98","7,14M","-1,68%"
"08.12.2023","6,25","6,14","6,26","6,08","6,12M","2,88%"
"07.12.2023","6,07","6,10","6,19","6,06","6,73M","1,02%"
"06.12.2023","6,01","6,11","6,21","6,00","9,05M","-0,43%"
"05.12.2023","6,04","6,05","6,11","5,91","9,31M","-0,14%"
"04.12.2023","6,05","6,17","6,26","6,01","12,74M","-2,68%"
"01.12.2023","6,21","6,27","6,41","6,20","8,45M","-0,84%"
"30.11.2023","6,27","6,21","6,29","6,08","9,90M","2,29%"
"29.11.2023","6,13","6,20","6,29","6,11","10,20M","-1,41%"
"28.11.2023","6,21","5,95","6,21","5,91","8,99M","2,31%"
"27.11.2023","6,07","5,71","6,10","5,63","15,23M","6,28%"
"24.11.2023","5,72","5,74","5,79","5,68","13,37M","-0,61%"
"23.11.2023","5,75","6,13","6,13","5,70","16,09M","-6,68%"
"22.11.2023","6,16","6,17","6,21","6,02","11,20M","-0,14%"
"21.11.2023","6,17","5,96","6,21","5,91","14,91M","2,60%"
"20.11.2023","6,01","5,84","6,02","5,84","10,13M","3,79%"
"17.11.2023","5,79","5,88","5,91","5,61","17,93M","-1,44%"
"16.11.2023","5,88","5,53","5,91","5,52","17,28M","6,26%"
"14.11.2023","5,53","5,29","5,59","5,29","17,00M","5,99%"
"13.11.2023","5,22","5,08","5,22","4,97","9,52M","2,49%"
"10.11.2023","5,09","4,98","5,09","4,91","9,23M","2,38%"
"09.11.2023","4,97","4,99","5,04","4,87","9,43M","-0,17%"
"08.11.2023","4,98","4,87","4,98","4,87","9,99M","2,25%"
"07.11.2023","4,87","4,76","4,92","4,72","11,21M","1,41%"
"06.11.2023","4,81","4,75","4,89","4,74","13,89M","1,07%"
"03.11.2023","4,76","4,54","4,79","4,54","14,17M","5,63%"
"01.11.2023","4,50","4,42","4,50","4,39","14,97M","2,90%"
"31.10.2023","4,38","4,28","4,42","4,27","9,34M","2,17%"
"30.10.2023","4,28","4,22","4,33","4,22","13,81M","2,42%"
"27.10.2023","4,18","4,18","4,22","4,14","11,98M","0,41%"
"26.10.2023","4,16","4,09","4,17","4,05","6,93M","1,86%"
"25.10.2023","4,09","4,19","4,21","4,09","10,72M","-1,83%"
"24.10.2023","4,16","4,10","4,20","4,08","12,67M","2,71%"
"23.10.2023","4,05","3,96","4,06","3,94","8,56M","2,13%"
"20.10.2023","3,97","4,00","4,03","3,94","8,98M","-1,67%"
"19.10.2023","4,04","4,04","4,10","4,00","10,78M","0,21%"
"18.10.2023","4,03","4,13","4,16","4,01","11,76M","-3,25%"
"17.10.2023","4,16","4,16","4,20","4,10","8,13M","0,20%"
"16.10.2023","4,16","4,13","4,21","4,12","7,55M","1,86%"
"13.10.2023","4,08","4,05","4,14","4,01","9,89M","0,21%"
"11.10.2023","4,07","4,00","4,10","4,00","7,05M","1,90%"
"10.10.2023","4,00","3,95","4,04","3,94","8,00M","1,50%"
"09.10.2023","3,94","3,89","3,96","3,85","7,47M","0,00%"
"06.10.2023","3,94","3,91","3,97","3,87","7,49M","-0,21%"
"05.10.2023","3,94","3,92","3,98","3,91","7,78M","0,21%"
"04.10.2023","3,94","3,99","4,04","3,89","8,19M","-1,69%"
"03.10.2023","4,00","4,00","4,05","3,98","8,47M","-1,04%"
"02.10.2023","4,05","4,10","4,16","4,05","9,23M","-1,24%"
"29.09.2023","4,10","3,96","4,11","3,94","10,61M","3,63%"
"28.09.2023","3,95","3,89","3,95","3,89","10,14M","1,74%"
"27.09.2023","3,89","3,88","3,95","3,84","8,02M","0,88%"
"26.09.2023","3,85","3,87","3,90","3,82","8,19M","-1,30%"
"25.09.2023","3,90","3,92","3,93","3,87","6,18M","-1,28%"
"22.09.2023","3,95","3,93","3,98","3,89","10,40M","1,30%"
"21.09.2023","3,90","3,87","3,93","3,83","17,52M","1,54%"
"20.09.2023","3,84","3,76","3,90","3,76","9,49M","2,02%"
"19.09.2023","3,77","3,76","3,78","3,72","6,71M","-0,22%"
"18.09.2023","3,78","3,78","3,81","3,72","6,60M","-0,45%"
"15.09.2023","3,79","3,75","3,83","3,72","10,63M","1,35%"
"14.09.2023","3,74","3,72","3,76","3,67","8,85M","3,26%"
"13.09.2023","3,62","3,62","3,66","3,59","5,21M","-0,23%"
"12.09.2023","3,63","3,70","3,71","3,63","6,82M","-1,83%"
"11.09.2023","3,70","3,59","3,72","3,57","9,32M","-12,54%"
"09.09.2023","4,23","4,23","4,23","4,23","","18,96%"
"08.09.2023","3,56","3,59","3,59","3,51","7,22M","-1,86%"
"06.09.2023","3,62","3,65","3,67","3,60","6,20M","-0,92%"
"05.09.2023","3,66","3,72","3,73","3,65","8,27M","-1,81%"
"04.09.2023","3,72","3,69","3,78","3,69","5,74M","-14,57%"
"02.09.2023","4,36","4,36","4,36","4,36","","18,40%"
"01.09.2023","3,68","3,66","3,71","3,62","7,10M","1,87%"
"31.08.2023","3,62","3,70","3,71","3,62","6,12M","-1,61%"
"30.08.2023","3,67","3,60","3,70","3,59","8,01M","2,84%"
"29.08.2023","3,57","3,51","3,61","3,51","6,41M","2,17%"
"28.08.2023","3,50","3,47","3,50","3,45","5,88M","1,22%"
"25.08.2023","3,45","3,47","3,49","3,43","3,70M","-0,24%"
"24.08.2023","3,46","3,54","3,55","3,46","7,66M","-2,15%"
"23.08.2023","3,54","3,51","3,54","3,46","7,75M","1,95%"
"22.08.2023","3,47","3,46","3,51","3,45","6,22M","1,23%"
"21.08.2023","3,43","3,42","3,43","3,40","6,14M","0,00%"
"18.08.2023","3,43","3,42","3,45","3,40","5,45M","0,25%"
"17.08.2023","3,42","3,47","3,50","3,42","5,21M","0,00%"
"16.08.2023","3,42","3,47","3,47","3,42","7,15M","-0,74%"
"15.08.2023","3,45","3,48","3,51","3,44","4,53M","-0,97%"
"14.08.2023","3,48","3,48","3,51","3,45","6,26M","-0,48%"
"11.08.2023","3,50","3,49","3,52","3,46","3,88M","0,24%"
"10.08.2023","3,49","3,51","3,52","3,47","5,27M","-0,24%"
"09.08.2023","3,50","3,55","3,56","3,47","5,98M","-1,43%"
"08.08.2023","3,55","3,56","3,56","3,51","5,40M","-1,64%"
"07.08.2023","3,61","3,56","3,61","3,53","4,75M","1,43%"
"04.08.2023","3,56","3,60","3,62","3,56","7,38M","-1,86%"
"03.08.2023","3,62","3,65","3,67","3,59","7,01M","-0,69%"
"02.08.2023","3,65","3,72","3,72","3,62","6,99M","-1,82%"
"01.08.2023","3,72","3,76","3,76","3,69","3,74M","-1,12%"
"31.07.2023","3,76","3,65","3,76","3,62","8,03M","3,73%"
"28.07.2023","3,62","3,67","3,68","3,59","4,85M","-1,15%"
"27.07.2023","3,67","3,77","3,80","3,67","5,39M","-2,69%"
"26.07.2023","3,77","3,74","3,78","3,69","4,95M","0,90%"
"25.07.2023","3,73","3,70","3,83","3,69","9,62M","2,31%"
"24.07.2023","3,65","3,50","3,67","3,47","10,10M","4,10%"
"21.07.2023","3,51","3,45","3,51","3,45","5,41M","1,72%"
"20.07.2023","3,45","3,51","3,52","3,45","5,23M","-0,97%"
"19.07.2023","3,48","3,51","3,51","3,45","6,06M","-0,72%"
"18.07.2023","3,51","3,55","3,57","3,51","8,80M","-1,89%"
"17.07.2023","3,57","3,56","3,57","3,52","5,04M","0,48%"
"14.07.2023","3,56","3,57","3,59","3,53","5,01M","0,00%"
"13.07.2023","3,56","3,51","3,59","3,50","6,29M","2,18%"
"12.07.2023","3,48","3,52","3,56","3,48","6,14M","0,00%"
"11.07.2023","3,48","3,49","3,50","3,45","8,97M","0,00%"
"10.07.2023","3,48","3,54","3,55","3,46","7,06M","-2,14%"
"07.07.2023","3,56","3,49","3,59","3,48","6,11M","2,18%"
"06.07.2023","3,48","3,54","3,55","3,48","7,42M","-1,67%"
"05.07.2023","3,54","3,54","3,57","3,52","6,09M","-0,48%"
"04.07.2023","3,56","3,56","3,58","3,55","4,09M","-0,47%"
"03.07.2023","3,57","3,54","3,60","3,54","5,11M","1,20%"
"30.06.2023","3,53","3,62","3,62","3,53","12,79M","-1,88%"
"29.06.2023","3,60","3,60","3,62","3,56","11,89M","0,24%"
"28.06.2023","3,59","3,68","3,73","3,58","10,97M","-2,30%"
"27.06.2023","3,67","3,72","3,75","3,67","7,10M","-0,46%"
"26.06.2023","3,69","3,68","3,72","3,67","6,33M","0,46%"
"23.06.2023","3,67","3,63","3,69","3,61","7,57M","0,69%"
"22.06.2023","3,65","3,69","3,72","3,63","6,95M","-1,37%"
"21.06.2023","3,70","3,76","3,77","3,68","12,02M","-1,57%"
"20.06.2023","3,76","3,82","3,83","3,74","8,38M","-1,77%"
"19.06.2023","3,83","3,78","3,84","3,74","7,47M","1,34%"
"16.06.2023","3,78","3,80","3,83","3,78","11,11M","-0,45%"
"15.06.2023","3,79","3,80","3,83","3,76","10,21M","0,00%"
"14.06.2023","3,79","3,76","3,79","3,72","20,24M","1,81%"
"13.06.2023","3,72","3,83","3,84","3,69","11,65M","-1,56%"
"12.06.2023","3,78","3,83","3,83","3,75","10,34M","-1,75%"
"09.06.2023","3,85","3,94","3,95","3,83","12,40M","-1,08%"
"07.06.2023","3,89","4,04","4,05","3,89","14,64M","-3,35%"
"06.06.2023","4,03","4,00","4,07","3,98","7,76M","0,85%"
"05.06.2023","4,00","3,96","4,01","3,92","6,16M","1,28%"
"02.06.2023","3,94","3,92","4,00","3,90","11,11M","4,47%"
"01.06.2023","3,78","3,76","3,81","3,72","8,61M","1,59%"
"31.05.2023","3,72","3,73","3,77","3,69","6,26M","-0,90%"
"30.05.2023","3,75","3,89","3,89","3,73","6,29M","-2,84%"
"29.05.2023","3,86","3,91","3,93","3,86","4,43M","-0,22%"
"26.05.2023","3,87","3,94","3,94","3,83","8,97M","1,10%"
"25.05.2023","3,83","3,84","3,87","3,79","5,07M","0,22%"
"24.05.2023","3,82","3,89","3,89","3,78","8,35M","-3,21%"
"23.05.2023","3,94","4,01","4,02","3,93","7,82M","-2,30%"
"22.05.2023","4,04","4,14","4,21","4,02","8,21M","-2,45%"
"19.05.2023","4,14","4,01","4,21","3,98","12,15M","3,59%"
"18.05.2023","4,00","3,98","4,03","3,94","8,13M","0,85%"
"17.05.2023","3,96","3,80","3,99","3,79","10,20M","5,39%"
"16.05.2023","3,76","3,76","3,80","3,72","7,57M","-0,45%"
"15.05.2023","3,78","3,77","3,82","3,73","7,14M","1,36%"
"12.05.2023","3,72","3,67","3,73","3,65","5,78M","0,92%"
"11.05.2023","3,69","3,77","3,79","3,67","10,93M","-3,53%"
"10.05.2023","3,83","3,85","3,89","3,78","6,95M","-0,44%"
"09.05.2023","3,84","3,73","3,91","3,70","11,29M","2,33%"
"08.05.2023","3,76","3,68","3,81","3,64","22,97M","-18,18%"
"06.05.2023","4,59","4,59","4,59","4,59","","27,83%"
"05.05.2023","3,59","3,46","3,61","3,44","33,37M","5,06%"
"04.05.2023","3,42","3,62","3,68","3,35","19,12M","-2,68%"
"03.05.2023","3,51","3,54","3,57","3,49","6,78M","-1,11%"
"02.05.2023","3,55","3,55","3,61","3,49","10,18M","0,00%"
"28.04.2023","3,56","3,42","3,59","3,41","10,02M","4,04%"
"27.04.2023","3,42","3,36","3,44","3,36","4,57M","1,13%"
"26.04.2023","3,38","3,27","3,40","3,27","7,95M","3,28%"
"25.04.2023","3,27","3,36","3,36","3,26","6,82M","-3,17%"
"24.04.2023","3,38","3,46","3,47","3,36","11,71M","-5,36%"
"20.04.2023","3,57","3,52","3,58","3,49","6,15M","1,08%"
"19.04.2023","3,53","3,56","3,59","3,50","3,87M","-2,12%"
"18.04.2023","3,61","3,67","3,68","3,58","6,77M","0,21%"
"17.04.2023","3,60","3,62","3,65","3,59","5,29M","-0,42%"
"14.04.2023","3,62","3,70","3,70","3,57","8,09M","-3,08%"
"13.04.2023","3,73","3,76","3,77","3,70","7,47M","-1,42%"
"12.04.2023","3,78","3,71","3,82","3,67","7,82M","2,49%"
"11.04.2023","3,69","3,64","3,75","3,64","7,22M","3,88%"
"10.04.2023","3,56","3,49","3,58","3,49","4,33M","1,75%"
"06.04.2023","3,49","3,44","3,51","3,43","3,01M","0,66%"
"05.04.2023","3,47","3,54","3,55","3,43","5,29M","-1,74%"
"04.04.2023","3,53","3,60","3,60","3,48","8,17M","-2,33%"
"03.04.2023","3,62","3,71","3,71","3,52","7,97M","-2,48%"
"31.03.2023","3,71","3,68","3,77","3,65","8,00M","1,26%"
"30.03.2023","3,66","3,59","3,68","3,55","5,86M","4,14%"
"29.03.2023","3,52","3,52","3,57","3,49","5,04M","0,88%"
"28.03.2023","3,49","3,46","3,56","3,43","6,57M","1,34%"
"27.03.2023","3,44","3,53","3,54","3,42","5,60M","-1,10%"
"24.03.2023","3,48","3,45","3,49","3,42","8,23M","1,34%"
"23.03.2023","3,43","3,46","3,55","3,38","5,76M","-0,88%"
"22.03.2023","3,46","3,42","3,52","3,42","8,09M","0,44%"
"21.03.2023","3,45","3,57","3,61","3,43","6,89M","-4,05%"
"20.03.2023","3,59","3,50","3,60","3,49","5,68M","1,52%"
"17.03.2023","3,54","3,59","3,65","3,52","7,36M","-1,28%"
"16.03.2023","3,59","3,62","3,64","3,54","11,36M","-0,21%"
"15.03.2023","3,59","3,65","3,70","3,52","12,05M","-3,50%"
"14.03.2023","3,72","3,74","3,79","3,69","6,04M","-0,61%"
"13.03.2023","3,75","3,62","3,77","3,59","8,11M","2,95%"
"10.03.2023","3,64","3,70","3,79","3,59","8,10M","-1,66%"
"09.03.2023","3,70","3,98","3,98","3,70","20,50M","-4,92%"
"08.03.2023","3,89","3,80","3,91","3,75","8,15M","3,04%"
"07.03.2023","3,78","3,84","3,85","3,74","6,36M","-1,20%"
"06.03.2023","3,82","3,79","3,85","3,74","7,20M","0,00%"
"03.03.2023","3,82","3,74","3,85","3,73","5,24M","2,46%"
"02.03.2023","3,73","3,68","3,74","3,65","8,24M","1,88%"
"01.03.2023","3,66","3,64","3,77","3,64","12,29M","2,58%"
"28.02.2023","3,57","3,54","3,59","3,53","8,04M","0,65%"
"27.02.2023","3,55","3,51","3,57","3,47","5,88M","0,22%"
"24.02.2023","3,54","3,70","3,77","3,53","9,63M","-5,52%"
"23.02.2023","3,75","3,76","3,82","3,65","8,71M","-0,41%"
"22.02.2023","3,76","3,73","3,78","3,71","4,25M","0,00%"
"17.02.2023","3,76","3,76","3,78","3,71","5,20M","0,20%"
"16.02.2023","3,75","3,85","3,92","3,75","7,19M","-2,39%"
"15.02.2023","3,85","3,69","3,86","3,66","14,52M","5,24%"
"14.02.2023","3,65","3,72","3,76","3,65","6,18M","-1,24%"
"13.02.2023","3,70","3,74","3,75","3,60","5,09M","-1,43%"
"10.02.2023","3,75","3,74","3,81","3,71","5,06M","0,20%"
"09.02.2023","3,75","3,86","3,91","3,74","7,85M","-1,81%"
"08.02.2023","3,82","3,78","3,83","3,74","5,04M","1,01%"
"07.02.2023","3,78","3,75","3,79","3,72","5,57M","0,41%"
"06.02.2023","3,76","3,79","3,83","3,73","10,29M","-0,81%"
"03.02.2023","3,79","3,77","3,91","3,77","8,42M","-0,20%"
"02.02.2023","3,80","4,02","4,06","3,78","12,99M","-7,12%"
"01.02.2023","4,09","4,08","4,13","4,01","7,43M","0,00%"
"31.01.2023","4,09","3,96","4,14","3,96","11,77M","3,49%"
"30.01.2023","3,95","3,98","4,06","3,92","6,15M","0,39%"
"27.01.2023","3,94","4,00","4,03","3,88","7,45M","-1,53%"
"26.01.2023","4,00","3,98","4,03","3,96","5,74M","1,16%"
"25.01.2023","3,95","3,84","3,97","3,84","7,12M","2,99%"
"24.01.2023","3,84","3,78","3,86","3,75","6,84M","2,04%"
"23.01.2023","3,76","3,65","3,78","3,65","7,06M","3,81%"
"20.01.2023","3,62","3,62","3,72","3,62","8,34M","0,42%"
"19.01.2023","3,61","3,63","3,65","3,56","8,83M","-0,63%"
"18.01.2023","3,63","3,59","3,71","3,59","12,98M","4,41%"
"17.01.2023","3,48","3,42","3,49","3,40","5,81M","2,95%"
"16.01.2023","3,38","3,44","3,44","3,37","4,76M","-3,71%"
"13.01.2023","3,51","3,48","3,52","3,44","6,49M","1,10%"
"12.01.2023","3,47","3,49","3,53","3,46","7,38M","0,22%"
"11.01.2023","3,46","3,52","3,54","3,46","11,30M","-0,44%"
"10.01.2023","3,48","3,28","3,50","3,28","12,88M","6,57%"
"09.01.2023","3,26","3,23","3,33","3,21","9,46M","-0,93%"
"06.01.2023","3,29","3,14","3,33","3,14","19,13M","6,17%"
"05.01.2023","3,10","3,06","3,13","2,99","11,75M","1,76%"
"04.01.2023","3,05","3,08","3,09","3,00","7,61M","-0,25%"
"03.01.2023","3,06","3,09","3,13","3,03","8,07M","-1,24%"
"02.01.2023","3,10","3,14","3,14","3,04","4,16M","-0,98%"
"29.12.2022","3,13","3,18","3,20","3,11","5,94M","-0,34%"
"28.12.2022","3,14","3,12","3,17","3,11","5,58M","0,74%"
"27.12.2022","3,11","3,11","3,14","3,07","6,82M","1,24%"
"26.12.2022","3,08","3,08","3,11","3,06","2,94M","0,00%"
"23.12.2022","3,08","3,05","3,10","3,02","9,10M","0,75%"
"22.12.2022","3,05","3,01","3,07","2,96","7,43M","1,52%"
"21.12.2022","3,01","3,08","3,09","2,99","6,50M","-0,51%"
"20.12.2022","3,02","2,93","3,08","2,93","7,97M","3,13%"
"19.12.2022","2,93","2,89","2,96","2,84","8,04M","0,00%"
"16.12.2022","2,93","2,95","3,01","2,91","8,83M","-0,52%"
"15.12.2022","2,95","3,01","3,08","2,94","10,27M","-0,77%"
"14.12.2022","2,97","2,90","3,01","2,85","13,98M","2,37%"
"13.12.2022","2,90","2,95","3,01","2,85","10,88M","-1,04%"
"12.12.2022","2,93","3,05","3,07","2,90","11,86M","-6,39%"
"09.12.2022","3,13","2,88","3,14","2,88","24,41M","10,00%"
"08.12.2022","2,85","2,92","2,96","2,83","8,93M","-1,60%"
"07.12.2022","2,89","2,89","2,92","2,87","4,32M","-1,31%"
"06.12.2022","2,93","2,94","2,96","2,87","8,30M","0,26%"
"05.12.2022","2,92","2,95","3,05","2,91","9,37M","-0,26%"
"02.12.2022","2,93","2,97","2,98","2,88","6,13M","0,00%"
"01.12.2022","2,93","2,97","2,97","2,91","4,50M","-1,55%"
"30.11.2022","2,98","2,97","3,04","2,93","11,18M","1,31%"
"29.11.2022","2,94","2,75","2,97","2,75","12,05M","7,61%"
"28.11.2022","2,73","2,75","2,75","2,70","3,01M","-1,39%"
"25.11.2022","2,77","2,83","2,90","2,75","6,50M","-1,10%"
"24.11.2022","2,80","2,78","2,85","2,76","3,63M","1,68%"
"23.11.2022","2,75","2,73","2,78","2,65","11,67M","0,28%"
"22.11.2022","2,75","2,74","2,84","2,73","8,33M","0,28%"
"21.11.2022","2,74","2,80","2,82","2,71","6,84M","-1,93%"
"18.11.2022","2,79","2,96","2,96","2,79","8,28M","-3,46%"
"17.11.2022","2,89","2,88","2,91","2,82","10,67M","-2,59%"
"16.11.2022","2,97","2,91","3,02","2,88","11,44M","2,12%"
"14.11.2022","2,91","2,93","2,98","2,85","11,62M","0,00%"
"11.11.2022","2,91","2,95","2,95","2,81","25,29M","4,01%"
"10.11.2022","2,80","2,72","2,80","2,65","23,14M","2,77%"
"09.11.2022","2,72","2,78","2,84","2,71","18,45M","-1,24%"
"08.11.2022","2,75","2,67","2,78","2,64","29,68M","9,84%"
"07.11.2022","2,51","2,52","2,57","2,49","7,61M","-0,81%"
"04.11.2022","2,53","2,48","2,56","2,48","12,44M","5,13%"
"03.11.2022","2,41","2,43","2,43","2,32","9,26M","-1,13%"
"01.11.2022","2,43","2,28","2,45","2,27","18,40M","7,58%"
"31.10.2022","2,26","2,19","2,28","2,17","9,99M","1,23%"
"28.10.2022","2,23","2,24","2,25","2,20","10,46M","-2,10%"
"27.10.2022","2,28","2,25","2,31","2,19","10,89M","2,15%"
"26.10.2022","2,23","2,28","2,29","2,21","11,62M","-1,81%"
"25.10.2022","2,27","2,32","2,34","2,27","5,91M","-2,35%"
"24.10.2022","2,33","2,35","2,36","2,31","5,13M","-2,02%"
"21.10.2022","2,38","2,28","2,40","2,26","6,18M","3,27%"
"20.10.2022","2,30","2,26","2,35","2,25","8,67M","2,13%"
"19.10.2022","2,25","2,30","2,32","2,23","7,39M","-2,08%"
"18.10.2022","2,30","2,28","2,34","2,27","6,13M","2,75%"
"17.10.2022","2,24","2,26","2,26","2,22","7,93M","0,31%"
"14.10.2022","2,23","2,34","2,35","2,23","12,02M","-4,12%"
"13.10.2022","2,33","2,43","2,43","2,30","17,84M","-5,56%"
"11.10.2022","2,47","2,50","2,51","2,45","5,12M","-2,17%"
"10.10.2022","2,52","2,55","2,58","2,51","4,56M","-0,81%"
"07.10.2022","2,54","2,51","2,58","2,50","7,22M","0,00%"
"06.10.2022","2,54","2,54","2,54","2,47","10,29M","0,54%"
"05.10.2022","2,53","2,54","2,56","2,50","7,43M","0,00%"
"04.10.2022","2,53","2,43","2,56","2,43","13,12M","5,43%"
"03.10.2022","2,40","2,31","2,41","2,29","9,04M","5,74%"
"30.09.2022","2,27","2,21","2,29","2,18","16,43M","2,48%"
"29.09.2022","2,21","2,23","2,25","2,18","7,45M","-2,12%"
"28.09.2022","2,26","2,32","2,32","2,24","13,11M","-1,49%"
"27.09.2022","2,30","2,34","2,37","2,28","9,69M","-0,30%"
"26.09.2022","2,30","2,35","2,38","2,30","8,74M","-2,89%"
"23.09.2022","2,37","2,43","2,44","2,34","11,04M","-3,62%"
"22.09.2022","2,46","2,40","2,46","2,38","10,68M","4,36%"
"21.09.2022","2,36","2,41","2,41","2,35","15,43M","-2,82%"
"20.09.2022","2,43","2,43","2,44","2,36","10,65M","-0,56%"
"19.09.2022","2,44","2,39","2,44","2,36","11,24M","1,71%"
"16.09.2022","2,40","2,40","2,42","2,38","9,41M","-1,13%"
"15.09.2022","2,43","2,45","2,48","2,41","5,04M","-1,67%"
"14.09.2022","2,47","2,51","2,51","2,45","8,51M","-1,91%"
"13.09.2022","2,51","2,56","2,58","2,51","7,71M","-2,65%"
"12.09.2022","2,58","2,60","2,62","2,57","5,23M","0,80%"
"09.09.2022","2,56","2,47","2,57","2,47","11,05M","5,35%"
"08.09.2022","2,43","2,45","2,46","2,37","10,97M","0,00%"
"06.09.2022","2,43","2,49","2,49","2,43","4,94M","-2,41%"
"05.09.2022","2,49","2,49","2,56","2,47","4,52M","2,05%"
"02.09.2022","2,44","2,48","2,52","2,42","14,03M","-1,21%"
"01.09.2022","2,47","2,44","2,47","2,38","11,66M","-0,40%"
"31.08.2022","2,48","2,50","2,51","2,45","8,76M","0,00%"
"30.08.2022","2,48","2,58","2,61","2,47","8,27M","-4,62%"
"29.08.2022","2,60","2,60","2,64","2,58","4,99M","-1,14%"
"26.08.2022","2,63","2,70","2,76","2,63","6,70M","-2,23%"
"25.08.2022","2,69","2,71","2,73","2,66","6,22M","0,00%"
"24.08.2022","2,69","2,69","2,73","2,64","8,37M","0,37%"
"23.08.2022","2,68","2,52","2,69","2,51","7,85M","7,20%"
"22.08.2022","2,50","2,54","2,54","2,46","7,42M","-2,34%"
"19.08.2022","2,56","2,67","2,68","2,55","8,12M","-4,83%"
"18.08.2022","2,69","2,76","2,78","2,67","11,03M","-2,18%"
"17.08.2022","2,75","2,64","2,78","2,58","17,59M","4,17%"
"16.08.2022","2,64","2,64","2,67","2,62","12,60M","-1,12%"
"15.08.2022","2,67","2,64","2,67","2,63","5,97M","-1,11%"
"12.08.2022","2,70","2,66","2,73","2,66","8,16M","1,50%"
"11.08.2022","2,66","2,67","2,73","2,65","9,01M","0,00%"
"10.08.2022","2,66","2,59","2,67","2,59","6,19M","3,50%"
"09.08.2022","2,57","2,52","2,57","2,49","7,06M","1,18%"
"08.08.2022","2,54","2,58","2,59","2,52","8,82M","0,00%"
"05.08.2022","2,54","2,54","2,56","2,49","5,62M","1,20%"
"04.08.2022","2,51","2,41","2,54","2,39","13,44M","4,15%"
"03.08.2022","2,41","2,44","2,45","2,38","5,96M","-0,82%"
"02.08.2022","2,43","2,40","2,45","2,35","8,28M","2,10%"
"01.08.2022","2,38","2,40","2,41","2,36","6,94M","-0,83%"
"29.07.2022","2,40","2,43","2,43","2,36","8,15M","-1,23%"
"28.07.2022","2,43","2,41","2,45","2,36","8,45M","2,97%"
"27.07.2022","2,36","2,26","2,36","2,25","7,76M","4,89%"
"26.07.2022","2,25","2,34","2,35","2,24","10,47M","-2,60%"
"25.07.2022","2,31","2,41","2,41","2,31","10,37M","-0,86%"
"22.07.2022","2,33","2,43","2,52","2,31","15,48M","-2,51%"
"21.07.2022","2,39","2,38","2,41","2,36","5,37M","0,00%"
"20.07.2022","2,39","2,36","2,39","2,33","5,12M","1,27%"
"19.07.2022","2,36","2,29","2,36","2,28","4,94M","3,51%"
"18.07.2022","2,28","2,35","2,39","2,27","9,05M","-0,44%"
"15.07.2022","2,29","2,27","2,32","2,25","6,21M","0,44%"
"14.07.2022","2,28","2,35","2,36","2,28","8,18M","-4,60%"
"13.07.2022","2,39","2,38","2,43","2,36","8,06M","-0,83%"
"12.07.2022","2,41","2,41","2,44","2,36","6,03M","0,00%"
"11.07.2022","2,41","2,45","2,49","2,41","5,30M","-4,74%"
"08.07.2022","2,53","2,55","2,59","2,51","6,89M","-0,39%"
"07.07.2022","2,54","2,58","2,61","2,54","5,82M","2,01%"
"06.07.2022","2,49","2,47","2,54","2,45","9,79M","0,00%"
"05.07.2022","2,49","2,51","2,53","2,41","11,81M","-1,97%"
"04.07.2022","2,54","2,56","2,60","2,49","9,36M","-2,68%"
"01.07.2022","2,61","2,63","2,64","2,51","9,34M","-1,14%"
"30.06.2022","2,64","2,79","2,80","2,64","15,98M","-6,38%"
"29.06.2022","2,82","2,88","2,89","2,81","6,79M","-1,74%"
"28.06.2022","2,87","2,95","2,96","2,85","6,80M","-1,03%"
"27.06.2022","2,90","2,92","2,95","2,89","4,93M","2,11%"
"24.06.2022","2,84","2,85","2,87","2,79","8,42M","0,71%"
"23.06.2022","2,82","2,95","2,98","2,80","10,04M","-2,76%"
"22.06.2022","2,90","2,87","2,93","2,84","7,44M","-1,69%"
"21.06.2022","2,95","3,03","3,06","2,94","6,41M","-0,67%"
"20.06.2022","2,97","2,99","3,04","2,96","7,96M","-4,19%"
"17.06.2022","3,10","3,15","3,18","3,06","10,29M","-4,32%"
"15.06.2022","3,24","3,32","3,32","3,19","11,11M","-1,52%"
"14.06.2022","3,29","3,49","3,50","3,26","8,82M","-5,19%"
"13.06.2022","3,47","3,47","3,53","3,38","10,92M","-3,07%"
"10.06.2022","3,58","3,40","3,60","3,32","10,47M","4,07%"
"09.06.2022","3,44","3,42","3,54","3,38","8,60M","0,00%"
"08.06.2022","3,44","3,45","3,58","3,41","12,58M","-2,27%"
"07.06.2022","3,52","3,56","3,60","3,51","6,24M","-2,22%"
"06.06.2022","3,60","3,58","3,60","3,52","5,94M","1,98%"
"03.06.2022","3,53","3,63","3,65","3,52","6,16M","-2,75%"
"02.06.2022","3,63","3,39","3,66","3,39","14,52M","9,34%"
"01.06.2022","3,32","3,31","3,37","3,30","4,19M","0,30%"
"31.05.2022","3,31","3,28","3,36","3,28","6,28M","1,53%"
"30.05.2022","3,26","3,25","3,28","3,23","3,10M","0,62%"
"27.05.2022","3,24","3,23","3,32","3,21","8,45M","1,25%"
"26.05.2022","3,20","3,14","3,22","3,14","4,01M","1,59%"
"25.05.2022","3,15","3,17","3,19","3,15","5,73M","-0,63%"
"24.05.2022","3,17","3,09","3,20","3,06","4,66M","-0,31%"
"23.05.2022","3,18","3,23","3,29","3,17","7,77M","0,63%"
"20.05.2022","3,16","3,12","3,22","3,12","9,75M","3,61%"
"19.05.2022","3,05","2,82","3,07","2,81","14,54M","8,93%"
"18.05.2022","2,80","2,91","2,91","2,80","8,66M","-4,44%"
"17.05.2022","2,93","3,02","3,05","2,93","9,10M","-1,01%"
"16.05.2022","2,96","3,00","3,01","2,93","6,51M","-0,34%"
"13.05.2022","2,97","2,91","3,00","2,88","6,50M","3,48%"
"12.05.2022","2,87","2,92","2,92","2,84","9,10M","-3,37%"
"11.05.2022","2,97","2,97","3,07","2,94","11,33M","1,37%"
"10.05.2022","2,93","3,14","3,19","2,93","12,59M","-7,28%"
"09.05.2022","3,16","3,21","3,21","3,12","6,39M","-3,07%"
"06.05.2022","3,26","3,34","3,36","3,25","5,91M","-2,69%"
"05.05.2022","3,35","3,53","3,56","3,33","10,60M","-6,69%"
"04.05.2022","3,59","3,43","3,63","3,39","9,07M","4,06%"
"03.05.2022","3,45","3,34","3,51","3,31","8,93M","3,92%"
"02.05.2022","3,32","3,30","3,34","3,21","7,61M","2,15%"
"29.04.2022","3,25","3,29","3,38","3,22","8,25M","0,00%"
"28.04.2022","3,25","3,27","3,30","3,19","4,89M","0,62%"
"27.04.2022","3,23","3,25","3,29","3,22","5,39M","1,89%"
"26.04.2022","3,17","3,34","3,35","3,17","5,82M","-5,09%"
"25.04.2022","3,34","3,29","3,35","3,25","5,37M","-0,89%"
"22.04.2022","3,37","3,44","3,48","3,36","5,04M","-3,16%"
"20.04.2022","3,48","3,60","3,62","3,47","5,54M","-4,13%"
"19.04.2022","3,63","3,60","3,64","3,57","3,09M","0,00%"
"18.04.2022","3,63","3,61","3,65","3,57","3,05M","-0,27%"
"14.04.2022","3,64","3,63","3,65","3,60","2,90M","-0,55%"
"13.04.2022","3,66","3,61","3,72","3,61","6,02M","1,10%"
"12.04.2022","3,62","3,74","3,74","3,59","9,20M","-1,36%"
"11.04.2022","3,67","3,59","3,70","3,57","4,37M","0,82%"
"08.04.2022","3,64","3,65","3,67","3,57","7,18M","-0,82%"
"07.04.2022","3,67","3,65","3,70","3,62","4,23M","-0,54%"
"06.04.2022","3,69","3,73","3,73","3,64","5,97M","-0,81%"
"05.04.2022","3,72","3,86","3,86","3,72","6,61M","-3,88%"
"04.04.2022","3,87","3,83","3,94","3,82","4,12M","1,31%"
"01.04.2022","3,82","3,80","3,89","3,80","4,21M","1,33%"
"31.03.2022","3,77","3,83","3,86","3,77","5,29M","-1,31%"
"30.03.2022","3,82","3,81","3,92","3,79","8,15M","1,33%"
"29.03.2022","3,77","3,84","3,87","3,75","6,06M","-0,79%"
"28.03.2022","3,80","3,87","3,89","3,79","6,46M","-1,04%"
"25.03.2022","3,84","3,84","3,94","3,83","5,49M","0,00%"
"24.03.2022","3,84","3,83","3,86","3,77","7,61M","0,52%"
"23.03.2022","3,82","3,89","3,94","3,82","4,66M","-1,80%"
"22.03.2022","3,89","3,84","3,95","3,83","5,58M","1,04%"
"21.03.2022","3,85","3,83","3,89","3,80","4,78M","0,26%"
"18.03.2022","3,84","3,61","3,84","3,59","11,48M","6,96%"
"17.03.2022","3,59","3,59","3,64","3,55","5,13M","1,41%"
"16.03.2022","3,54","3,75","3,76","3,50","11,44M","-0,84%"
"15.03.2022","3,57","3,74","3,74","3,54","7,83M","-5,31%"
"14.03.2022","3,77","3,97","4,03","3,75","7,23M","-6,22%"
"11.03.2022","4,02","4,09","4,20","4,02","6,14M","-0,99%"
"10.03.2022","4,06","4,06","4,17","3,95","8,19M","-3,10%"
"09.03.2022","4,19","4,07","4,24","4,02","8,54M","2,70%"
"08.03.2022","4,08","4,28","4,31","4,08","6,50M","-3,77%"
"07.03.2022","4,24","4,25","4,37","4,19","8,83M","0,71%"
"04.03.2022","4,21","4,14","4,22","4,07","5,56M","1,69%"
"03.03.2022","4,14","4,09","4,24","4,09","9,98M","2,22%"
"02.03.2022","4,05","4,01","4,07","3,94","6,05M","4,65%"
"25.02.2022","3,87","3,75","3,90","3,75","7,38M","1,84%"
"24.02.2022","3,80","3,65","3,82","3,61","10,72M","-0,78%"
"23.02.2022","3,83","3,90","3,97","3,83","5,55M","-2,05%"
"22.02.2022","3,91","3,89","3,94","3,87","4,46M","1,30%"
"21.02.2022","3,86","4,00","4,03","3,82","4,92M","-2,03%"
"18.02.2022","3,94","4,05","4,05","3,93","4,41M","-1,25%"
"17.02.2022","3,99","4,10","4,12","3,98","5,50M","-3,86%"
"16.02.2022","4,15","4,17","4,24","4,12","6,00M","0,00%"
"15.02.2022","4,15","4,09","4,18","4,07","4,20M","-0,48%"
"14.02.2022","4,17","4,09","4,20","4,08","5,74M","1,21%"
"11.02.2022","4,12","4,29","4,31","4,12","11,66M","-3,96%"
"10.02.2022","4,29","4,40","4,47","4,27","15,48M","-1,15%"
"09.02.2022","4,34","4,42","4,44","4,30","11,31M","-1,81%"
"08.02.2022","4,42","4,45","4,50","4,40","6,87M","-0,67%"
"07.02.2022","4,45","4,47","4,54","4,44","9,62M","0,00%"
"04.02.2022","4,45","4,47","4,50","4,37","7,75M","-0,45%"
"03.02.2022","4,47","4,48","4,51","4,42","3,75M","-0,22%"
"02.02.2022","4,48","4,50","4,60","4,47","6,63M","-0,44%"
"01.02.2022","4,50","4,35","4,54","4,35","7,33M","3,21%"
"31.01.2022","4,36","4,45","4,46","4,34","9,47M","-2,46%"
"28.01.2022","4,47","4,55","4,55","4,44","8,39M","0,45%"
"27.01.2022","4,45","4,57","4,62","4,42","9,18M","-1,55%"
"26.01.2022","4,52","4,56","4,70","4,51","11,45M","0,00%"
"25.01.2022","4,52","4,37","4,56","4,34","7,94M","3,43%"
"24.01.2022","4,37","4,42","4,43","4,32","5,14M","-2,67%"
"21.01.2022","4,49","4,49","4,60","4,48","4,14M","-0,44%"
"20.01.2022","4,51","4,58","4,67","4,51","4,11M","-1,10%"
"19.01.2022","4,56","4,63","4,69","4,54","7,78M","1,33%"
"18.01.2022","4,50","4,39","4,54","4,35","6,22M","2,27%"
"17.01.2022","4,40","4,45","4,50","4,39","3,17M","-2,00%"
"14.01.2022","4,49","4,47","4,52","4,42","3,74M","0,45%"
"13.01.2022","4,47","4,52","4,60","4,46","4,67M","-2,19%"
"12.01.2022","4,57","4,48","4,65","4,39","12,60M","4,58%"
"11.01.2022","4,37","4,37","4,50","4,35","5,51M","0,00%"
"10.01.2022","4,37","4,30","4,39","4,18","6,41M","0,23%"
"07.01.2022","4,36","4,30","4,45","4,23","7,38M","2,35%"
"06.01.2022","4,26","4,44","4,49","4,23","7,87M","-2,07%"
"05.01.2022","4,35","4,65","4,67","4,30","11,44M","-7,84%"
"04.01.2022","4,72","4,44","4,74","4,43","17,92M","7,27%"
"03.01.2022","4,40","4,27","4,47","4,12","13,28M","4,51%"
"30.12.2021","4,21","4,13","4,35","4,11","48,47M","3,69%"
"29.12.2021","4,06","4,00","4,11","3,96","6,49M","1,00%"
"28.12.2021","4,02","4,11","4,11","3,96","7,02M","-2,43%"
"27.12.2021","4,12","4,05","4,17","4,04","4,21M","0,73%"
"23.12.2021","4,09","4,11","4,12","3,99","4,27M","0,00%"
"22.12.2021","4,09","4,26","4,26","4,09","5,81M","-4,22%"
"21.12.2021","4,27","4,24","4,32","4,16","9,09M","2,89%"
"20.12.2021","4,15","4,33","4,35","4,15","9,79M","-6,53%"
"17.12.2021","4,44","4,25","4,47","4,20","10,04M","3,98%"
"16.12.2021","4,27","4,33","4,35","4,11","13,81M","1,91%"
"15.12.2021","4,19","4,15","4,22","4,01","7,63M","0,96%"
"14.12.2021","4,15","4,24","4,32","4,11","5,83M","-2,12%"
"13.12.2021","4,24","4,25","4,44","4,22","12,05M","2,91%"
"10.12.2021","4,12","4,17","4,28","4,06","7,63M","-1,20%"
"09.12.2021","4,17","3,98","4,19","3,96","8,41M","3,99%"
"08.12.2021","4,01","4,03","4,14","3,93","11,15M","-0,50%"
"07.12.2021","4,03","4,00","4,16","3,96","13,71M","4,40%"
"06.12.2021","3,86","3,76","3,90","3,71","8,33M","4,04%"
"03.12.2021","3,71","3,73","3,90","3,70","6,79M","-1,07%"
"02.12.2021","3,75","3,64","3,79","3,64","5,22M","3,88%"
"01.12.2021","3,61","3,74","3,82","3,61","8,59M","-1,90%"
"30.11.2021","3,68","3,67","3,76","3,62","5,75M","0,00%"
"29.11.2021","3,68","3,83","3,85","3,68","7,19M","-0,54%"
"26.11.2021","3,70","3,66","3,76","3,56","7,72M","-3,14%"
"25.11.2021","3,82","3,85","3,90","3,79","3,67M","-0,26%"
"24.11.2021","3,83","3,79","3,88","3,75","5,09M","2,13%"
"23.11.2021","3,75","3,85","4,00","3,72","11,53M","1,90%"
"22.11.2021","3,68","3,76","3,86","3,68","15,08M","0,55%"
"19.11.2021","3,66","3,53","3,72","3,53","9,26M","4,27%"
"18.11.2021","3,51","3,59","3,60","3,51","6,57M","-2,23%"
"17.11.2021","3,59","3,68","3,75","3,58","4,31M","-1,37%"
"16.11.2021","3,64","3,75","3,79","3,62","3,80M","-3,45%"
"12.11.2021","3,77","3,76","3,99","3,73","9,14M","-0,53%"
"11.11.2021","3,79","3,64","3,88","3,61","16,43M","10,17%"
"10.11.2021","3,44","3,51","3,61","3,43","12,20M","-3,10%"
"09.11.2021","3,55","3,54","3,70","3,50","13,87M","-0,84%"
"08.11.2021","3,58","3,48","3,61","3,44","12,56M","4,99%"
"05.11.2021","3,41","3,21","3,42","3,19","11,41M","5,90%"
"04.11.2021","3,22","3,09","3,31","3,06","18,28M","0,31%"
"03.11.2021","3,21","3,28","3,30","3,17","12,50M","-3,31%"
"01.11.2021","3,32","3,25","3,34","3,23","8,83M","2,15%"
"29.10.2021","3,25","3,39","3,44","3,22","9,35M","-4,13%"
"28.10.2021","3,39","3,48","3,53","3,39","9,32M","-3,14%"
"27.10.2021","3,50","3,62","3,64","3,49","5,73M","-1,96%"
"26.10.2021","3,57","3,70","3,72","3,52","7,37M","-3,51%"
"25.10.2021","3,70","3,77","3,78","3,66","11,64M","-0,80%"
"22.10.2021","3,73","3,67","3,77","3,64","11,64M","0,54%"
"21.10.2021","3,71","3,68","3,74","3,61","8,73M","-2,11%"
"20.10.2021","3,79","3,99","4,01","3,79","11,20M","-4,77%"
"19.10.2021","3,98","4,07","4,11","3,96","7,25M","-3,86%"
"18.10.2021","4,14","4,05","4,19","3,98","8,70M","0,98%"
"15.10.2021","4,10","3,78","4,11","3,77","18,14M","8,75%"
"14.10.2021","3,77","3,84","3,87","3,74","6,96M","-1,31%"
"13.10.2021","3,82","3,91","3,93","3,76","18,56M","-3,54%"
"11.10.2021","3,96","3,98","4,06","3,87","12,07M","3,13%"
"08.10.2021","3,84","3,85","3,93","3,82","8,64M","2,13%"
"07.10.2021","3,76","3,83","3,85","3,75","10,40M","-0,79%"
"06.10.2021","3,79","3,74","3,83","3,71","8,12M","-0,52%"
"05.10.2021","3,81","3,86","3,94","3,79","4,80M","-1,04%"
"04.10.2021","3,85","4,04","4,04","3,85","6,09M","-4,23%"
"01.10.2021","4,02","3,94","4,03","3,87","8,33M","2,29%"
"30.09.2021","3,93","3,88","4,07","3,84","19,80M","3,69%"
"29.09.2021","3,79","3,71","3,81","3,63","9,67M","4,12%"
"28.09.2021","3,64","3,79","3,79","3,62","13,09M","-5,94%"
"27.09.2021","3,87","3,71","3,93","3,67","12,86M","6,32%"
"24.09.2021","3,64","3,69","3,71","3,59","9,29M","-0,82%"
"23.09.2021","3,67","3,69","3,79","3,62","9,19M","-0,54%"
"22.09.2021","3,69","3,80","3,82","3,64","9,54M","2,50%"
"21.09.2021","3,60","3,58","3,65","3,52","9,92M","2,56%"
"20.09.2021","3,51","3,45","3,56","3,35","17,01M","-4,36%"
"17.09.2021","3,67","3,70","3,75","3,59","32,36M","-1,87%"
"16.09.2021","3,74","3,88","3,88","3,72","11,00M","-4,35%"
"15.09.2021","3,91","4,06","4,06","3,91","10,67M","-3,69%"
"14.09.2021","4,06","4,19","4,19","4,06","5,56M","-2,64%"
"13.09.2021","4,17","4,16","4,20","4,11","4,61M","0,97%"
"10.09.2021","4,13","4,26","4,29","4,09","5,99M","0,73%"
"09.09.2021","4,10","4,16","4,20","4,04","9,52M","-1,44%"
"08.09.2021","4,16","4,27","4,30","4,16","8,58M","-3,93%"
"06.09.2021","4,33","4,19","4,36","4,19","3,85M","1,17%"
"03.09.2021","4,28","4,31","4,46","4,22","7,23M","2,15%"
"02.09.2021","4,19","4,35","4,37","4,19","7,53M","-3,01%"
"01.09.2021","4,32","4,33","4,41","4,24","6,01M","-1,59%"
"31.08.2021","4,39","4,61","4,61","4,39","9,42M","-5,59%"
"30.08.2021","4,65","4,52","4,67","4,51","5,89M","2,88%"
"27.08.2021","4,52","4,41","4,59","4,41","7,34M","3,91%"
"26.08.2021","4,35","4,51","4,54","4,35","5,98M","-3,12%"
"25.08.2021","4,49","4,56","4,65","4,48","5,78M","-1,54%"
"24.08.2021","4,56","4,22","4,58","4,22","9,43M","10,68%"
"23.08.2021","4,12","4,22","4,27","4,10","9,29M","-1,90%"
"20.08.2021","4,20","4,31","4,45","4,20","8,32M","-2,55%"
"19.08.2021","4,31","4,19","4,37","4,13","9,53M","-0,23%"
"18.08.2021","4,32","4,39","4,49","4,32","10,72M","-3,14%"
"17.08.2021","4,46","4,75","4,78","4,40","15,18M","-6,69%"
"16.08.2021","4,78","4,96","4,96","4,58","15,67M","-3,63%"
"13.08.2021","4,96","5,10","5,10","4,88","5,64M","-2,17%"
"12.08.2021","5,07","5,10","5,12","5,01","3,91M","-0,59%"
"11.08.2021","5,10","5,15","5,17","5,09","3,54M","-0,39%"
"10.08.2021","5,12","5,15","5,22","5,12","4,19M","-0,58%"
"09.08.2021","5,15","5,18","5,20","5,07","7,00M","-1,72%"
"06.08.2021","5,24","5,27","5,30","5,22","3,30M","0,00%"
"05.08.2021","5,24","5,36","5,39","5,23","9,52M","-2,78%"
"04.08.2021","5,39","5,42","5,44","5,33","5,29M","0,37%"
"03.08.2021","5,37","5,53","5,54","5,28","8,00M","-2,72%"
"02.08.2021","5,52","5,54","5,61","5,47","4,94M","0,91%"
"30.07.2021","5,47","5,56","5,61","5,44","7,97M","-2,84%"
"29.07.2021","5,63","5,48","5,65","5,46","11,35M","4,07%"
"28.07.2021","5,41","5,53","5,53","5,37","8,99M","-0,73%"
"27.07.2021","5,45","5,48","5,49","5,33","4,78M","-0,37%"
"26.07.2021","5,47","5,37","5,50","5,35","5,34M","1,86%"
"23.07.2021","5,37","5,38","5,39","5,34","2,33M","-0,37%"
"22.07.2021","5,39","5,34","5,39","5,30","3,05M","0,75%"
"21.07.2021","5,35","5,37","5,43","5,35","3,59M","-0,74%"
"20.07.2021","5,39","5,37","5,41","5,33","3,48M","0,37%"
"19.07.2021","5,37","5,38","5,38","5,30","5,20M","-0,74%"
"16.07.2021","5,41","5,46","5,46","5,39","3,55M","0,00%"
"15.07.2021","5,41","5,43","5,47","5,41","2,28M","-0,37%"
"14.07.2021","5,43","5,44","5,48","5,41","4,19M","0,00%"
"13.07.2021","5,43","5,44","5,49","5,40","3,06M","-0,18%"
"12.07.2021","5,44","5,44","5,49","5,39","5,32M","1,12%"
"08.07.2021","5,38","5,40","5,43","5,21","6,42M","-0,92%"
"07.07.2021","5,43","5,47","5,47","5,40","5,45M","-0,18%"
"06.07.2021","5,44","5,44","5,50","5,41","2,96M","-0,18%"
"05.07.2021","5,45","5,50","5,50","5,43","2,41M","0,37%"
"02.07.2021","5,43","5,43","5,48","5,42","3,25M","0,37%"
"01.07.2021","5,41","5,46","5,49","5,38","6,20M","-0,55%"
"30.06.2021","5,44","5,50","5,52","5,41","7,04M","-1,45%"
"29.06.2021","5,52","5,52","5,57","5,48","5,17M","-0,18%"
"28.06.2021","5,53","5,57","5,57","5,44","6,51M","-0,54%"
"25.06.2021","5,56","5,59","5,60","5,55","5,72M","-0,18%"
"24.06.2021","5,57","5,59","5,63","5,53","11,67M","0,00%"
"23.06.2021","5,57","5,60","5,62","5,55","5,41M","-0,18%"
"22.06.2021","5,58","5,59","5,60","5,54","3,44M","-0,53%"
"21.06.2021","5,61","5,49","5,61","5,36","5,32M","-0,18%"
"18.06.2021","5,62","5,56","5,62","5,52","4,81M","1,26%"
"17.06.2021","5,55","5,63","5,63","5,50","6,94M","-1,42%"
"16.06.2021","5,63","5,71","5,72","5,59","6,95M","-2,09%"
"15.06.2021","5,75","5,76","5,76","5,66","3,60M","-0,17%"
"14.06.2021","5,76","5,79","5,88","5,73","5,41M","-0,17%"
"11.06.2021","5,77","5,71","5,77","5,68","4,79M","1,94%"
"10.06.2021","5,66","5,62","5,66","5,56","3,88M","1,07%"
"09.06.2021","5,60","5,58","5,61","5,53","3,97M","1,27%"
"08.06.2021","5,53","5,57","5,62","5,49","3,87M","-0,72%"
"07.06.2021","5,57","5,60","5,60","5,44","5,43M","-0,89%"
"04.06.2021","5,62","5,71","5,75","5,59","7,29M","-2,09%"
"02.06.2021","5,74","5,71","5,76","5,63","7,56M","0,53%"
"01.06.2021","5,71","5,70","5,72","5,62","6,88M","2,33%"
"31.05.2021","5,58","5,60","5,65","5,53","5,30M","0,72%"
"28.05.2021","5,54","5,56","5,61","5,47","7,45M","1,09%"
"27.05.2021","5,48","5,43","5,55","5,42","10,13M","1,86%"
"26.05.2021","5,38","5,37","5,45","5,30","15,74M","-0,74%"
"25.05.2021","5,42","5,52","5,59","5,38","6,37M","-1,28%"
"24.05.2021","5,49","5,43","5,50","5,37","8,93M","0,00%"
"21.05.2021","5,49","5,52","5,53","5,41","7,98M","-1,08%"
"20.05.2021","5,55","5,62","5,64","5,53","7,21M","-0,72%"
"19.05.2021","5,59","5,71","5,71","5,54","9,76M","-3,79%"
"18.05.2021","5,81","5,81","5,93","5,72","13,91M","1,22%"
"17.05.2021","5,74","5,71","5,85","5,69","7,56M","1,23%"
"14.05.2021","5,67","5,76","5,84","5,65","11,77M","-3,41%"
"13.05.2021","5,87","5,94","6,03","5,77","13,57M","-1,68%"
"12.05.2021","5,97","6,09","6,22","5,97","142,91M","-7,87%"
"11.05.2021","6,48","6,27","6,48","6,13","8,75M","2,69%"
"10.05.2021","6,31","6,54","6,58","6,19","13,20M","0,00%"
"07.05.2021","6,31","6,34","6,45","6,24","9,21M","1,12%"
"06.05.2021","6,24","6,12","6,24","6,06","10,38M","4,00%"
"05.05.2021","6,00","6,06","6,11","5,89","15,85M","-0,17%"
"04.05.2021","6,01","6,08","6,12","5,83","9,05M","-0,83%"
"03.05.2021","6,06","6,26","6,29","6,04","8,01M","-2,26%"
"30.04.2021","6,20","6,36","6,36","6,20","7,33M","-2,97%"
"29.04.2021","6,39","6,45","6,62","6,22","16,41M","1,43%"
"28.04.2021","6,30","6,13","6,33","6,12","7,55M","3,96%"
"27.04.2021","6,06","5,90","6,15","5,88","10,53M","3,24%"
"26.04.2021","5,87","5,86","5,93","5,81","7,57M","1,73%"
"23.04.2021","5,77","5,77","5,83","5,72","4,64M","1,05%"
"22.04.2021","5,71","5,81","5,82","5,64","5,26M","0,00%"
"20.04.2021","5,71","5,79","5,96","5,71","7,34M","-0,70%"
"19.04.2021","5,75","5,72","5,78","5,69","5,84M","1,59%"
"16.04.2021","5,66","5,73","5,81","5,60","7,18M","-1,22%"
"15.04.2021","5,73","5,64","5,78","5,64","10,60M","2,32%"
"14.04.2021","5,60","5,54","5,61","5,50","10,78M","0,90%"
"13.04.2021","5,55","5,58","5,59","5,51","3,71M","-0,54%"
"12.04.2021","5,58","5,55","5,62","5,51","4,06M","0,72%"
"09.04.2021","5,54","5,50","5,58","5,42","3,10M","0,73%"
"08.04.2021","5,50","5,55","5,62","5,50","4,84M","-0,90%"
"07.04.2021","5,55","5,52","5,55","5,48","4,41M","1,46%"
"06.04.2021","5,47","5,45","5,54","5,45","4,14M","0,55%"
"05.04.2021","5,44","5,43","5,50","5,42","3,78M","1,68%"
"01.04.2021","5,35","5,50","5,57","5,33","6,40M","-1,47%"
"31.03.2021","5,43","5,35","5,47","5,35","5,41M","1,88%"
"30.03.2021","5,33","5,41","5,58","5,32","8,87M","-1,66%"
"29.03.2021","5,42","4,94","5,44","4,94","10,51M","9,72%"
"26.03.2021","4,94","5,00","5,03","4,91","4,07M","0,61%"
"25.03.2021","4,91","5,03","5,06","4,91","4,81M","-0,61%"
"24.03.2021","4,94","4,96","4,97","4,91","1,76M","0,41%"
"23.03.2021","4,92","4,97","4,99","4,87","2,29M","-1,01%"
"22.03.2021","4,97","4,99","5,02","4,91","2,19M","-1,39%"
"19.03.2021","5,04","5,04","5,04","4,96","2,80M","0,40%"
"18.03.2021","5,02","5,09","5,12","4,98","4,67M","-1,57%"
"17.03.2021","5,10","5,03","5,16","5,00","2,55M","1,39%"
"16.03.2021","5,03","5,02","5,12","5,01","2,25M","0,20%"
"15.03.2021","5,02","5,00","5,04","4,94","2,56M","0,00%"
"12.03.2021","5,02","5,00","5,03","4,94","2,24M","-0,20%"
"11.03.2021","5,03","5,00","5,16","4,91","7,45M","1,41%"
"10.03.2021","4,96","5,03","5,03","4,85","9,78M","-1,00%"
"09.03.2021","5,01","5,00","5,02","4,88","3,95M","-0,40%"
"08.03.2021","5,03","4,97","5,04","4,94","4,98M","0,00%"
"05.03.2021","5,03","4,97","5,05","4,91","9,97M","0,60%"
"04.03.2021","5,00","5,03","5,06","4,78","17,92M","-0,40%"
"03.03.2021","5,02","5,26","5,26","4,84","10,19M","-3,46%"
"02.03.2021","5,20","5,30","5,35","5,03","6,14M","-1,70%"
"01.03.2021","5,29","5,35","5,38","5,22","6,58M","0,19%"
"26.02.2021","5,28","5,41","5,42","5,26","4,85M","-0,75%"
"25.02.2021","5,32","5,43","5,49","5,32","6,05M","-1,66%"
"24.02.2021","5,41","5,42","5,49","5,36","6,55M","0,37%"
"23.02.2021","5,39","5,62","5,68","5,38","9,22M","-1,82%"
"22.02.2021","5,49","5,28","5,50","5,13","10,51M","2,62%"
"19.02.2021","5,35","5,38","5,53","5,34","9,96M","0,56%"